<?xml version="1.0" encoding="UTF-8"?>
<project-private xmlns="http://www.netbeans.org/ns/project-private/1">
    <editor-bookmarks xmlns="http://www.netbeans.org/ns/editor-bookmarks/2" lastBookmarkId="1">
        <file>
            <url>src/com/tnp/ui/F6.java</url>
            <bookmark id="1">
                <name/>
                <line>98</line>
                <key/>
            </bookmark>
        </file>
    </editor-bookmarks>
    <open-files xmlns="http://www.netbeans.org/ns/projectui-open-files/2">
        <group>
            <file>file:/C:/Users/babuc/OneDrive/one%20drive/OneDrive/Documents/NetBeansProjects/TNP_PROJECT/src/com/tnp/projectui/HighestSalary.java</file>
            <file>file:/C:/Users/babuc/OneDrive/one%20drive/OneDrive/Documents/NetBeansProjects/TNP_PROJECT/src/com/tnp/dao/UsersDAO.java</file>
            <file>file:/C:/Users/babuc/OneDrive/one%20drive/OneDrive/Documents/NetBeansProjects/TNP_PROJECT/src/com/tnp/ui/Home.java</file>
            <file>file:/C:/Users/babuc/OneDrive/one%20drive/OneDrive/Documents/NetBeansProjects/TNP_PROJECT/src/com/tnp/ui/F4.java</file>
            <file>file:/C:/Users/babuc/OneDrive/one%20drive/OneDrive/Documents/NetBeansProjects/TNP_PROJECT/src/com/tnp/ui/MyCombobox.java</file>
            <file>file:/C:/Users/babuc/OneDrive/one%20drive/OneDrive/Documents/NetBeansProjects/TNP_PROJECT/src/com/tnp/ui/F7.java</file>
            <file>file:/C:/Users/babuc/OneDrive/one%20drive/OneDrive/Documents/NetBeansProjects/TNP_PROJECT/src/com/tnp/projectui/getAverageSalary.java</file>
            <file>file:/C:/Users/babuc/OneDrive/one%20drive/OneDrive/Documents/NetBeansProjects/TNP_PROJECT/src/com/tnp/projectui/FindByDeptNo.java</file>
            <file>file:/C:/Users/babuc/OneDrive/one%20drive/OneDrive/Documents/NetBeansProjects/TNP_PROJECT/src/com/tnp/projectui/ForgotPassword.java</file>
            <file>file:/C:/Users/babuc/OneDrive/one%20drive/OneDrive/Documents/NetBeansProjects/TNP_PROJECT/src/com/tnp/ui/GREENFORM.java</file>
            <file>file:/C:/Users/babuc/OneDrive/one%20drive/OneDrive/Documents/NetBeansProjects/TNP_PROJECT/src/com/tnp/ui/F1.java</file>
            <file>file:/C:/Users/babuc/OneDrive/one%20drive/OneDrive/Documents/NetBeansProjects/TNP_PROJECT/src/com/tnp/ui/BLUEFORM.java</file>
            <file>file:/C:/Users/babuc/OneDrive/one%20drive/OneDrive/Documents/NetBeansProjects/TNP_PROJECT/src/com/tnp/utility/ConnectionPool.java</file>
            <file>file:/C:/Users/babuc/OneDrive/one%20drive/OneDrive/Documents/NetBeansProjects/TNP_PROJECT/src/com/tnp/projectui/Login.java</file>
            <file>file:/C:/Users/babuc/OneDrive/one%20drive/OneDrive/Documents/NetBeansProjects/TNP_PROJECT/src/tnp_project/TNP_PROJECT.java</file>
            <file>file:/C:/Users/babuc/OneDrive/one%20drive/OneDrive/Documents/NetBeansProjects/TNP_PROJECT/src/com/tnp/projectui/getTotalSalary.java</file>
            <file>file:/C:/Users/babuc/OneDrive/one%20drive/OneDrive/Documents/NetBeansProjects/TNP_PROJECT/src/com/tnp/ui/F5.java</file>
            <file>file:/C:/Users/babuc/OneDrive/one%20drive/OneDrive/Documents/NetBeansProjects/TNP_PROJECT/src/com/tnp/projectui/SplashPanel.java</file>
            <file>file:/C:/Users/babuc/OneDrive/one%20drive/OneDrive/Documents/NetBeansProjects/TNP_PROJECT/src/com/tnp/ui/REDFORM.java</file>
            <file>file:/C:/Users/babuc/OneDrive/one%20drive/OneDrive/Documents/NetBeansProjects/TNP_PROJECT/src/com/tnp/ui/F2.java</file>
            <file>file:/C:/Users/babuc/OneDrive/one%20drive/OneDrive/Documents/NetBeansProjects/TNP_PROJECT/src/com/tnp/projectui/Register.java</file>
            <file>file:/C:/Users/babuc/OneDrive/one%20drive/OneDrive/Documents/NetBeansProjects/TNP_PROJECT/src/com/tnp/dao/EmpDAO.java</file>
            <file>file:/C:/Users/babuc/OneDrive/one%20drive/OneDrive/Documents/NetBeansProjects/TNP_PROJECT/src/com/tnp/projectui/AddEmployee.java</file>
            <file>file:/C:/Users/babuc/OneDrive/one%20drive/OneDrive/Documents/NetBeansProjects/TNP_PROJECT/src/com/tnp/projectui/changePassword.java</file>
            <file>file:/C:/Users/babuc/OneDrive/one%20drive/OneDrive/Documents/NetBeansProjects/TNP_PROJECT/src/com/tnp/bean/UsersBean.java</file>
            <file>file:/C:/Users/babuc/OneDrive/one%20drive/OneDrive/Documents/NetBeansProjects/TNP_PROJECT/src/com/tnp/ui/F6.java</file>
            <file>file:/C:/Users/babuc/OneDrive/one%20drive/OneDrive/Documents/NetBeansProjects/TNP_PROJECT/src/com/tnp/projectui/LowestSalary.java</file>
            <file>file:/C:/Users/babuc/OneDrive/one%20drive/OneDrive/Documents/NetBeansProjects/TNP_PROJECT/src/com/tnp/projectui/Home.java</file>
            <file>file:/C:/Users/babuc/OneDrive/one%20drive/OneDrive/Documents/NetBeansProjects/TNP_PROJECT/src/com/tnp/ui/F3.java</file>
            <file>file:/C:/Users/babuc/OneDrive/one%20drive/OneDrive/Documents/NetBeansProjects/TNP_PROJECT/src/com/tnp/ui/LoginForm.java</file>
            <file>file:/C:/Users/babuc/OneDrive/one%20drive/OneDrive/Documents/NetBeansProjects/TNP_PROJECT/src/com/tnp/ui/MyList.java</file>
            <file>file:/C:/Users/babuc/OneDrive/one%20drive/OneDrive/Documents/NetBeansProjects/TNP_PROJECT/src/com/tnp/bean/EmpBean.java</file>
        </group>
    </open-files>
</project-private>
